customer_id,gender,age,loyalty_tier,join_date,city
CUST100000,Male,63,None,2019-04-02,Beirut
CUST100001,Other,17,Silver,2018-04-13,Dubai
CUST100002,Female,21,None,2021-01-31,Dubai
CUST100003,Female,43,Gold,2020-09-30,Beirut
CUST100004,Male,68,Platinum,2020-07-03,Riyadh
CUST100005,Male,44,Gold,2019-07-26,Amman
CUST100006,Male,41,Gold,2019-02-24,Dubai
CUST100007,Female,40,None,2024-02-12,Beirut
CUST100008,Female,27,Gold,2018-12-23,Dubai
CUST100009,Female,20,Gold,2024-08-15,Beirut
CUST100010,Male,49,None,2022-09-25,Amman
CUST100011,Other,63,Gold,2018-05-11,Beirut
CUST100012,Female,52,None,2018-05-03,Doha
CUST100013,Male,30,Silver,2019-01-19,Beirut
CUST100014,Male,59,Gold,2020-06-14,Beirut
CUST100015,Male,51,Silver,2020-08-10,Amman
CUST100016,Male,30,None,2023-09-01,Beirut
CUST100017,Female,58,Silver,2024-10-01,Amman
CUST100018,Male,63,Silver,2018-04-19,Doha
CUST100019,Male,38,Platinum,2024-04-17,Amman
CUST100020,Female,21,None,2020-03-25,Dubai
CUST100021,Male,61,None,2024-02-11,Amman
CUST100022,Male,65,Gold,2022-09-15,Doha
CUST100023,Male,59,None,2020-06-21,Cairo
CUST100024,Male,74,Silver,2023-01-14,Beirut
CUST100025,Female,58,Silver,2024-08-10,Amman
CUST100026,Male,60,Gold,2021-02-13,Beirut
CUST100027,Female,36,Silver,2018-01-27,Riyadh
CUST100028,Female,38,Silver,2019-10-16,Dubai
CUST100029,Male,58,None,2022-09-28,Dubai
CUST100030,Female,70,None,2021-10-25,Riyadh
CUST100031,Male,31,None,2021-02-12,Riyadh
CUST100032,Male,62,None,2019-09-29,Amman
CUST100033,Other,68,Silver,2020-05-31,Riyadh
CUST100034,Other,30,Gold,2021-10-10,Cairo
CUST100035,Female,40,Silver,2019-02-23,Beirut
CUST100036,Male,51,Gold,2019-01-15,Beirut
CUST100037,Male,26,Platinum,2022-04-06,Doha
CUST100038,Female,66,Gold,2019-02-01,Riyadh
CUST100039,Male,30,Silver,2022-01-10,Riyadh
CUST100040,Male,19,Silver,2021-11-09,Cairo
CUST100041,Female,36,None,2024-10-08,Dubai
CUST100042,Male,28,None,2020-12-19,Dubai
CUST100043,Female,37,None,2018-06-27,Beirut
CUST100044,Male,34,Platinum,2023-02-25,Beirut
CUST100045,Female,49,Gold,2024-01-06,Amman
CUST100046,Male,29,None,2019-05-27,Cairo
CUST100047,Female,19,Silver,2022-03-31,Doha
CUST100048,Female,63,Gold,2018-11-19,Doha
CUST100049,Male,68,None,2024-03-11,Cairo
CUST100050,Other,67,None,2021-04-15,Doha
CUST100051,Female,61,Gold,2022-01-21,Dubai
CUST100052,Female,42,None,2024-06-22,Doha
CUST100053,Female,44,None,2020-02-27,Doha
CUST100054,Female,62,Silver,2018-10-12,Cairo
CUST100055,Female,43,Gold,2018-07-07,Cairo
CUST100056,Male,50,Silver,2020-07-22,Doha
CUST100057,Male,23,None,2021-03-31,Riyadh
CUST100058,Male,31,None,2018-11-23,Cairo
CUST100059,Male,57,Silver,2020-08-11,Amman
CUST100060,Male,51,Silver,2019-02-18,Amman
CUST100061,Male,45,Gold,2022-04-06,Dubai
CUST100062,Female,33,None,2021-02-12,Doha
CUST100063,Male,17,Gold,2023-02-01,Riyadh
CUST100064,Male,64,None,2022-02-03,Dubai
CUST100065,Female,28,None,2019-10-29,Doha
CUST100066,Male,19,None,2022-02-25,Cairo
CUST100067,Female,41,None,2021-12-26,Amman
CUST100068,Male,40,Silver,2020-05-08,Beirut
CUST100069,Other,45,Silver,2020-12-29,Riyadh
CUST100070,Female,26,None,2018-10-20,Beirut
CUST100071,Male,22,Silver,2024-10-31,Amman
CUST100072,Male,46,None,2019-12-02,Beirut
CUST100073,Female,59,Gold,2023-12-28,Cairo
CUST100074,Female,25,Platinum,2020-09-29,Doha
CUST100075,Female,54,None,2019-11-01,Cairo
CUST100076,Female,28,Silver,2023-03-09,Beirut
CUST100077,Male,46,None,2022-04-04,Cairo
CUST100078,Male,22,None,2021-01-10,Amman
CUST100079,Male,71,None,2024-03-31,Riyadh
CUST100080,Female,64,Gold,2020-06-18,Cairo
CUST100081,Female,57,Silver,2021-08-21,Amman
CUST100082,Male,57,None,2018-08-18,Riyadh
CUST100083,Male,71,Gold,2020-07-27,Doha
CUST100084,Male,51,Silver,2018-05-12,Beirut
CUST100085,Male,35,Gold,2021-07-16,Doha
CUST100086,Female,19,Silver,2022-07-02,Dubai
CUST100087,Female,69,Silver,2021-01-01,Amman
CUST100088,Female,22,None,2018-09-29,Riyadh
CUST100089,Female,69,None,2020-05-14,Cairo
CUST100090,Male,16,Platinum,2024-05-12,Doha
CUST100091,Female,59,None,2021-07-12,Riyadh
CUST100092,Female,71,Platinum,2020-05-20,Amman
CUST100093,Female,60,Silver,2023-08-07,Dubai
CUST100094,Female,57,None,2022-06-09,Doha
CUST100095,Female,62,None,2023-02-23,Beirut
CUST100096,Female,74,None,2019-08-09,Riyadh
CUST100097,Male,28,Platinum,2020-12-20,Beirut
CUST100098,Male,70,None,2019-07-26,Riyadh
CUST100099,Male,37,None,2020-10-07,Riyadh
CUST100100,Male,69,None,2024-04-18,Amman
CUST100101,Female,36,None,2024-01-17,Amman
CUST100102,Male,37,Silver,2020-12-12,Amman
CUST100103,Female,43,None,2024-07-22,Cairo
CUST100104,Female,24,Gold,2022-10-21,Riyadh
CUST100105,Male,41,None,2024-07-18,Doha
CUST100106,Male,24,None,2022-06-24,Beirut
CUST100107,Female,30,Silver,2022-01-22,Amman
CUST100108,Male,25,None,2020-06-17,Amman
CUST100109,Male,39,Platinum,2019-07-21,Beirut
CUST100110,Male,73,Silver,2023-09-19,Beirut
CUST100111,Male,72,None,2023-07-15,Riyadh
CUST100112,Female,57,Silver,2019-01-08,Amman
CUST100113,Female,23,None,2018-07-12,Beirut
CUST100114,Female,39,None,2019-03-26,Cairo
CUST100115,Female,31,Platinum,2019-09-19,Cairo
CUST100116,Female,64,Gold,2019-10-18,Amman
CUST100117,Male,41,Platinum,2022-09-26,Beirut
CUST100118,Female,42,Silver,2024-09-08,Riyadh
CUST100119,Female,52,Silver,2018-09-18,Riyadh
CUST100120,Female,19,None,2022-04-26,Riyadh
CUST100121,Female,65,None,2022-04-13,Dubai
CUST100122,Male,39,Gold,2024-09-06,Amman
CUST100123,Male,34,None,2023-04-02,Riyadh
CUST100124,Male,51,Gold,2023-12-08,Cairo
CUST100125,Male,54,Gold,2020-10-26,Beirut
CUST100126,Female,25,None,2024-03-16,Doha
CUST100127,Female,40,Silver,2018-02-17,Doha
CUST100128,Male,33,Silver,2019-04-15,Riyadh
CUST100129,Female,34,None,2024-01-09,Doha
CUST100130,Male,51,Gold,2020-12-28,Doha
CUST100131,Male,25,Silver,2021-10-25,Dubai
CUST100132,Male,48,None,2019-04-02,Cairo
CUST100133,Male,70,Silver,2021-04-17,Cairo
CUST100134,Other,65,Platinum,2022-11-16,Dubai
CUST100135,Male,20,None,2019-10-10,Dubai
CUST100136,Female,62,Gold,2023-02-02,Doha
CUST100137,Female,64,None,2018-01-14,Amman
CUST100138,Male,50,Gold,2020-12-14,Beirut
CUST100139,Other,59,Gold,2023-08-13,Beirut
CUST100140,Other,49,None,2020-01-02,Doha
CUST100141,Male,48,None,2023-09-11,Beirut
CUST100142,Female,70,Gold,2019-03-12,Dubai
CUST100143,Male,36,Silver,2021-05-07,Cairo
CUST100144,Male,32,Gold,2023-09-11,Beirut
CUST100145,Male,37,None,2024-10-30,Doha
CUST100146,Female,63,Gold,2020-03-25,Amman
CUST100147,Female,52,Gold,2019-09-19,Doha
CUST100148,Male,30,Platinum,2022-03-12,Riyadh
CUST100149,Male,50,None,2019-10-24,Doha
CUST100150,Female,43,Silver,2024-01-19,Dubai
CUST100151,Male,22,Silver,2023-12-13,Cairo
CUST100152,Male,47,None,2018-01-03,Cairo
CUST100153,Female,26,Silver,2024-09-19,Beirut
CUST100154,Other,25,None,2021-08-20,Dubai
CUST100155,Male,24,Gold,2023-06-25,Riyadh
CUST100156,Female,29,Silver,2018-03-21,Dubai
CUST100157,Female,28,None,2019-04-04,Doha
CUST100158,Male,72,Silver,2022-01-26,Dubai
CUST100159,Female,40,Silver,2021-06-13,Dubai
CUST100160,Male,17,None,2020-09-07,Riyadh
CUST100161,Female,50,Platinum,2018-08-26,Doha
CUST100162,Female,22,Platinum,2020-09-13,Amman
CUST100163,Female,36,Silver,2024-05-12,Amman
CUST100164,Male,33,None,2018-11-19,Cairo
CUST100165,Female,18,Gold,2018-12-17,Beirut
CUST100166,Male,57,Silver,2023-06-14,Dubai
CUST100167,Male,69,None,2018-10-11,Cairo
CUST100168,Male,54,Silver,2023-12-22,Riyadh
CUST100169,Female,56,Silver,2019-05-31,Amman
CUST100170,Female,64,Silver,2019-06-10,Dubai
CUST100171,Male,26,None,2023-05-01,Riyadh
CUST100172,Female,54,Silver,2024-03-01,Beirut
CUST100173,Male,39,Platinum,2019-11-08,Riyadh
CUST100174,Female,61,None,2020-12-21,Dubai
CUST100175,Male,34,Gold,2023-12-02,Beirut
CUST100176,Female,19,Gold,2024-10-20,Riyadh
CUST100177,Male,41,Silver,2022-09-30,Beirut
CUST100178,Female,53,None,2020-05-17,Dubai
CUST100179,Male,57,Silver,2024-01-18,Dubai
CUST100180,Male,47,Silver,2020-04-03,Beirut
CUST100181,Male,54,Gold,2021-06-30,Doha
CUST100182,Female,60,Silver,2022-06-23,Cairo
CUST100183,Female,61,Platinum,2022-03-10,Riyadh
CUST100184,Male,51,None,2022-11-30,Riyadh
CUST100185,Female,55,None,2023-10-21,Doha
CUST100186,Female,52,Silver,2023-01-24,Doha
CUST100187,Female,48,None,2019-05-11,Doha
CUST100188,Female,51,None,2020-10-12,Amman
CUST100189,Male,18,None,2020-07-09,Amman
CUST100190,Male,24,None,2018-09-20,Beirut
CUST100191,Female,23,None,2021-10-16,Amman
CUST100192,Female,48,Platinum,2018-03-28,Dubai
CUST100193,Female,74,None,2024-08-06,Beirut
CUST100194,Male,21,Gold,2024-03-18,Riyadh
CUST100195,Male,56,Gold,2020-07-31,Cairo
CUST100196,Female,54,Platinum,2024-08-07,Dubai
CUST100197,Female,19,None,2020-06-21,Riyadh
CUST100198,Female,28,Gold,2018-01-30,Riyadh
CUST100199,Female,64,Silver,2018-10-18,Beirut
CUST100200,Female,17,Silver,2018-08-30,Doha
CUST100201,Male,20,Silver,2020-07-26,Doha
CUST100202,Male,59,Gold,2018-10-04,Dubai
CUST100203,Female,42,None,2018-05-09,Doha
CUST100204,Female,47,Gold,2021-09-15,Riyadh
CUST100205,Male,36,Silver,2018-10-18,Doha
CUST100206,Male,23,Gold,2023-10-07,Amman
CUST100207,Female,53,Platinum,2020-09-01,Doha
CUST100208,Male,23,None,2021-02-14,Riyadh
CUST100209,Male,65,Platinum,2023-06-12,Beirut
CUST100210,Female,18,None,2020-05-27,Dubai
CUST100211,Female,69,None,2024-01-18,Cairo
CUST100212,Female,59,None,2019-06-26,Doha
CUST100213,Male,73,None,2024-05-27,Riyadh
CUST100214,Female,18,Silver,2024-06-18,Cairo
CUST100215,Male,37,None,2023-04-21,Cairo
CUST100216,Male,21,None,2020-09-22,Amman
CUST100217,Female,17,Platinum,2023-04-22,Cairo
CUST100218,Female,38,Gold,2022-07-26,Beirut
CUST100219,Female,59,Gold,2020-02-19,Riyadh
CUST100220,Female,17,Gold,2019-01-22,Riyadh
CUST100221,Female,53,Gold,2019-02-02,Doha
CUST100222,Male,32,None,2022-11-01,Doha
CUST100223,Male,50,None,2021-12-22,Doha
CUST100224,Male,49,Gold,2022-10-01,Beirut
CUST100225,Male,38,None,2022-08-11,Cairo
CUST100226,Other,45,Silver,2023-03-28,Cairo
CUST100227,Male,67,None,2018-08-10,Amman
CUST100228,Female,23,None,2019-02-08,Beirut
CUST100229,Female,37,Silver,2018-09-06,Doha
CUST100230,Female,59,Silver,2022-07-08,Dubai
CUST100231,Female,73,Silver,2021-10-21,Amman
CUST100232,Female,51,Silver,2019-03-24,Dubai
CUST100233,Female,20,None,2020-10-15,Cairo
CUST100234,Male,28,None,2020-02-24,Amman
CUST100235,Female,44,Gold,2020-02-19,Amman
CUST100236,Male,46,Silver,2024-01-06,Riyadh
CUST100237,Male,62,None,2023-01-12,Cairo
CUST100238,Female,72,Gold,2019-07-29,Cairo
CUST100239,Male,70,None,2022-09-25,Beirut
CUST100240,Other,31,Silver,2020-01-22,Amman
CUST100241,Other,57,None,2021-02-14,Cairo
CUST100242,Female,45,Gold,2023-03-10,Amman
CUST100243,Male,72,Silver,2020-10-20,Beirut
CUST100244,Male,70,None,2018-11-05,Beirut
CUST100245,Female,31,Gold,2022-12-21,Riyadh
CUST100246,Male,27,None,2024-03-04,Amman
CUST100247,Other,32,None,2019-02-06,Cairo
CUST100248,Other,31,None,2018-07-27,Cairo
CUST100249,Female,27,None,2024-01-24,Amman
CUST100250,Male,23,None,2018-03-02,Amman
CUST100251,Male,35,Silver,2019-01-18,Amman
CUST100252,Female,18,Gold,2020-08-26,Doha
CUST100253,Male,31,Silver,2019-11-13,Cairo
CUST100254,Male,45,None,2022-07-23,Beirut
CUST100255,Female,60,None,2023-06-13,Cairo
CUST100256,Female,38,None,2023-05-26,Doha
CUST100257,Female,43,None,2020-05-25,Amman
CUST100258,Female,66,Gold,2022-07-01,Riyadh
CUST100259,Male,55,None,2018-08-29,Amman
CUST100260,Female,69,Gold,2019-11-06,Amman
CUST100261,Other,20,Gold,2022-04-02,Doha
CUST100262,Male,35,Silver,2018-01-09,Cairo
CUST100263,Female,55,Gold,2022-05-19,Amman
CUST100264,Female,71,Silver,2020-12-22,Cairo
CUST100265,Female,59,Silver,2023-02-07,Dubai
CUST100266,Female,16,Silver,2021-03-14,Beirut
CUST100267,Female,72,Silver,2022-09-29,Cairo
CUST100268,Male,45,None,2024-03-26,Riyadh
CUST100269,Male,36,None,2023-06-17,Beirut
CUST100270,Female,35,None,2019-09-27,Riyadh
CUST100271,Female,21,Silver,2020-02-17,Amman
CUST100272,Female,37,None,2021-04-30,Beirut
CUST100273,Female,33,Platinum,2020-06-10,Cairo
CUST100274,Female,23,Gold,2018-08-28,Beirut
CUST100275,Female,54,None,2024-06-30,Amman
CUST100276,Female,47,None,2024-01-30,Doha
CUST100277,Female,48,Gold,2018-09-07,Riyadh
CUST100278,Female,68,Gold,2021-07-08,Amman
CUST100279,Female,31,Gold,2018-08-23,Doha
CUST100280,Female,27,None,2018-07-25,Beirut
CUST100281,Male,53,None,2024-07-20,Beirut
CUST100282,Male,67,None,2023-05-07,Amman
CUST100283,Male,49,None,2023-08-22,Cairo
CUST100284,Female,29,Gold,2023-12-16,Beirut
CUST100285,Male,51,Gold,2019-10-07,Cairo
CUST100286,Male,48,Silver,2018-08-21,Cairo
CUST100287,Female,38,Gold,2023-09-12,Cairo
CUST100288,Male,65,Silver,2018-11-25,Dubai
CUST100289,Female,60,Silver,2020-02-01,Doha
CUST100290,Male,17,None,2018-10-08,Doha
CUST100291,Male,56,Platinum,2024-09-03,Beirut
CUST100292,Female,36,None,2018-10-06,Beirut
CUST100293,Male,17,Platinum,2020-08-21,Cairo
CUST100294,Male,42,Gold,2022-07-12,Dubai
CUST100295,Female,72,None,2019-05-07,Cairo
CUST100296,Female,24,Silver,2024-05-22,Dubai
CUST100297,Male,16,Gold,2020-10-05,Cairo
CUST100298,Female,26,Silver,2024-06-29,Riyadh
CUST100299,Male,18,Platinum,2024-09-01,Riyadh
CUST100300,Male,67,Platinum,2018-06-12,Amman
CUST100301,Female,38,None,2018-12-02,Cairo
CUST100302,Female,41,None,2022-09-14,Beirut
CUST100303,Female,19,Platinum,2024-07-18,Doha
CUST100304,Female,33,Silver,2024-05-04,Amman
CUST100305,Other,70,None,2023-11-12,Beirut
CUST100306,Female,21,None,2021-07-19,Riyadh
CUST100307,Male,50,Silver,2020-12-04,Cairo
CUST100308,Female,37,Platinum,2020-04-16,Amman
CUST100309,Male,58,Gold,2021-07-10,Cairo
CUST100310,Male,30,Silver,2020-09-04,Riyadh
CUST100311,Male,37,None,2020-12-23,Amman
CUST100312,Male,52,None,2022-06-10,Riyadh
CUST100313,Other,67,Gold,2019-06-21,Dubai
CUST100314,Female,57,None,2021-05-13,Riyadh
CUST100315,Female,27,None,2023-02-16,Cairo
CUST100316,Male,62,None,2021-07-19,Doha
CUST100317,Male,64,Silver,2018-10-25,Riyadh
CUST100318,Male,57,Platinum,2018-02-08,Beirut
CUST100319,Male,53,None,2023-02-21,Doha
CUST100320,Female,33,Silver,2024-04-25,Dubai
CUST100321,Female,60,Silver,2019-02-14,Amman
CUST100322,Female,50,Platinum,2018-10-28,Amman
CUST100323,Male,45,None,2024-01-12,Doha
CUST100324,Other,39,Silver,2020-05-23,Amman
CUST100325,Female,57,None,2023-09-04,Riyadh
CUST100326,Female,45,Gold,2020-12-22,Doha
CUST100327,Female,29,Silver,2019-06-27,Cairo
CUST100328,Male,21,None,2021-11-30,Riyadh
CUST100329,Male,18,Silver,2018-10-09,Riyadh
CUST100330,Male,31,Gold,2020-09-27,Riyadh
CUST100331,Female,22,None,2022-02-22,Cairo
CUST100332,Male,67,Gold,2021-03-13,Dubai
CUST100333,Male,29,None,2019-10-09,Beirut
CUST100334,Male,24,Silver,2022-11-30,Amman
CUST100335,Male,30,None,2024-02-04,Doha
CUST100336,Female,36,Gold,2021-05-24,Dubai
CUST100337,Female,50,None,2023-12-07,Doha
CUST100338,Female,17,Gold,2018-02-02,Amman
CUST100339,Male,42,Gold,2024-03-21,Cairo
CUST100340,Female,17,Silver,2021-05-11,Riyadh
CUST100341,Female,50,Gold,2019-03-01,Riyadh
CUST100342,Male,33,Gold,2019-07-05,Cairo
CUST100343,Male,29,None,2020-12-19,Dubai
CUST100344,Male,35,None,2019-04-18,Dubai
CUST100345,Female,33,Platinum,2019-03-15,Doha
CUST100346,Female,25,None,2024-03-16,Cairo
CUST100347,Male,40,Gold,2019-09-29,Dubai
CUST100348,Male,17,Platinum,2021-01-20,Cairo
CUST100349,Female,40,None,2021-02-28,Amman
CUST100350,Female,69,Silver,2024-10-13,Riyadh
CUST100351,Female,48,Silver,2020-05-12,Riyadh
CUST100352,Female,51,Silver,2021-11-05,Riyadh
CUST100353,Male,46,None,2020-04-13,Cairo
CUST100354,Male,29,None,2020-12-17,Cairo
CUST100355,Female,16,Silver,2023-09-02,Doha
CUST100356,Male,61,Gold,2023-06-25,Riyadh
CUST100357,Female,31,Gold,2020-10-25,Doha
CUST100358,Other,69,Silver,2018-07-28,Riyadh
CUST100359,Female,61,None,2019-01-14,Doha
CUST100360,Male,67,Silver,2022-10-01,Doha
CUST100361,Female,18,None,2021-02-07,Amman
CUST100362,Male,50,Platinum,2018-06-30,Doha
CUST100363,Female,56,Gold,2018-01-15,Cairo
CUST100364,Other,21,Gold,2021-09-28,Doha
CUST100365,Male,40,Platinum,2019-06-20,Riyadh
CUST100366,Other,28,None,2020-12-08,Doha
CUST100367,Female,68,Gold,2019-10-24,Dubai
CUST100368,Male,49,None,2022-12-15,Beirut
CUST100369,Male,23,Platinum,2024-03-09,Riyadh
CUST100370,Male,36,None,2022-10-18,Dubai
CUST100371,Male,49,Gold,2024-04-16,Riyadh
CUST100372,Male,19,Gold,2018-02-09,Cairo
CUST100373,Female,40,None,2019-04-04,Beirut
CUST100374,Male,30,None,2018-11-05,Beirut
CUST100375,Male,19,Gold,2019-09-03,Cairo
CUST100376,Female,60,Silver,2024-02-13,Beirut
CUST100377,Male,27,None,2018-05-28,Cairo
CUST100378,Female,47,None,2022-02-21,Dubai
CUST100379,Male,47,None,2024-07-13,Amman
CUST100380,Male,43,Gold,2024-03-13,Riyadh
CUST100381,Female,28,Silver,2019-08-30,Cairo
CUST100382,Female,46,None,2022-10-27,Riyadh
CUST100383,Female,29,None,2019-06-07,Dubai
CUST100384,Female,35,None,2018-06-21,Amman
CUST100385,Female,33,None,2021-06-16,Dubai
CUST100386,Male,44,None,2022-02-02,Beirut
CUST100387,Male,21,None,2018-06-13,Riyadh
CUST100388,Female,47,None,2022-01-05,Amman
CUST100389,Female,44,Gold,2020-05-10,Beirut
CUST100390,Other,58,None,2020-10-19,Amman
CUST100391,Male,17,Silver,2019-02-26,Beirut
CUST100392,Male,38,Silver,2021-12-19,Dubai
CUST100393,Female,34,Silver,2024-04-12,Cairo
CUST100394,Male,46,Silver,2022-07-23,Riyadh
CUST100395,Female,66,Silver,2019-09-26,Doha
CUST100396,Female,20,Gold,2020-08-27,Doha
CUST100397,Male,34,Silver,2019-10-28,Dubai
CUST100398,Female,49,Silver,2019-12-27,Riyadh
CUST100399,Female,25,Gold,2022-08-16,Riyadh
CUST100400,Male,40,Silver,2018-04-12,Dubai
CUST100401,Female,17,None,2020-01-05,Riyadh
CUST100402,Female,26,None,2021-09-22,Cairo
CUST100403,Female,65,None,2022-08-14,Dubai
CUST100404,Male,46,Gold,2020-10-13,Cairo
CUST100405,Female,71,Gold,2020-12-28,Riyadh
CUST100406,Male,30,Platinum,2019-10-15,Dubai
CUST100407,Male,24,Silver,2019-03-19,Riyadh
CUST100408,Female,38,Silver,2022-04-16,Dubai
CUST100409,Male,34,None,2018-06-08,Riyadh
CUST100410,Male,24,Silver,2023-04-12,Cairo
CUST100411,Other,50,Silver,2020-06-30,Cairo
CUST100412,Other,36,Platinum,2020-03-28,Riyadh
CUST100413,Female,24,None,2023-03-01,Dubai
CUST100414,Female,43,Silver,2021-12-03,Doha
CUST100415,Male,61,Silver,2021-06-04,Cairo
CUST100416,Male,66,Silver,2020-07-21,Cairo
CUST100417,Male,22,Silver,2020-07-02,Beirut
CUST100418,Female,31,Gold,2018-04-07,Doha
CUST100419,Female,31,None,2020-03-02,Riyadh
CUST100420,Female,48,Gold,2022-06-21,Dubai
CUST100421,Female,19,Silver,2021-09-06,Beirut
CUST100422,Male,19,Gold,2021-02-15,Riyadh
CUST100423,Female,54,Gold,2018-10-12,Amman
CUST100424,Male,55,None,2021-02-17,Cairo
CUST100425,Female,32,None,2021-12-09,Amman
CUST100426,Male,52,Platinum,2023-09-18,Cairo
CUST100427,Female,54,Silver,2022-06-26,Cairo
CUST100428,Male,67,Platinum,2024-01-06,Amman
CUST100429,Male,44,None,2021-09-18,Amman
CUST100430,Male,67,Silver,2018-04-24,Riyadh
CUST100431,Female,51,Gold,2019-04-18,Beirut
CUST100432,Female,53,Platinum,2020-12-05,Beirut
CUST100433,Male,54,None,2020-01-02,Amman
CUST100434,Male,65,Gold,2024-07-06,Riyadh
CUST100435,Female,52,Silver,2020-12-23,Beirut
CUST100436,Male,67,None,2018-06-06,Riyadh
CUST100437,Female,50,Silver,2019-03-21,Riyadh
CUST100438,Female,22,Silver,2024-09-09,Cairo
CUST100439,Male,42,Platinum,2022-11-15,Beirut
CUST100440,Male,43,Silver,2021-11-16,Beirut
CUST100441,Other,37,None,2021-07-08,Cairo
CUST100442,Male,29,None,2022-11-23,Amman
CUST100443,Male,22,None,2024-10-19,Cairo
CUST100444,Female,52,None,2023-09-26,Beirut
CUST100445,Other,37,Gold,2019-04-19,Beirut
CUST100446,Other,20,None,2022-04-27,Amman
CUST100447,Female,70,Platinum,2024-06-19,Cairo
CUST100448,Male,17,Platinum,2020-02-18,Dubai
CUST100449,Male,42,Silver,2020-11-09,Dubai
CUST100450,Female,36,Platinum,2018-07-01,Amman
CUST100451,Female,69,Gold,2022-11-22,Cairo
CUST100452,Male,53,Silver,2018-01-07,Cairo
CUST100453,Female,30,None,2023-10-31,Riyadh
CUST100454,Male,36,Silver,2024-01-15,Beirut
CUST100455,Female,25,Silver,2020-03-18,Doha
CUST100456,Male,38,Gold,2022-01-31,Amman
CUST100457,Male,73,Silver,2022-11-02,Doha
CUST100458,Male,71,Gold,2018-10-14,Doha
CUST100459,Male,54,Silver,2021-09-14,Amman
CUST100460,Male,20,None,2021-07-09,Cairo
CUST100461,Female,16,Platinum,2019-05-26,Amman
CUST100462,Female,28,Silver,2021-05-15,Doha
CUST100463,Female,36,None,2023-09-09,Beirut
CUST100464,Other,41,Silver,2021-06-20,Beirut
CUST100465,Male,65,None,2022-07-31,Beirut
CUST100466,Male,60,Silver,2021-08-29,Cairo
CUST100467,Female,36,Silver,2022-07-07,Dubai
CUST100468,Male,68,None,2021-04-26,Amman
CUST100469,Other,33,Platinum,2024-03-20,Beirut
CUST100470,Male,52,Silver,2019-06-06,Amman
CUST100471,Other,60,None,2020-02-25,Beirut
CUST100472,Male,47,Silver,2022-09-19,Cairo
CUST100473,Female,51,Platinum,2022-04-02,Dubai
CUST100474,Female,32,None,2019-12-14,Dubai
CUST100475,Other,50,None,2024-05-20,Beirut
CUST100476,Male,64,None,2021-05-17,Cairo
CUST100477,Female,26,None,2022-07-22,Riyadh
CUST100478,Other,36,Gold,2024-02-23,Amman
CUST100479,Female,67,Gold,2018-01-02,Amman
CUST100480,Female,70,None,2021-05-29,Doha
CUST100481,Female,68,Silver,2021-03-21,Cairo
CUST100482,Male,41,None,2020-05-10,Doha
CUST100483,Female,19,Platinum,2022-10-27,Beirut
CUST100484,Female,49,Platinum,2024-07-03,Doha
CUST100485,Female,67,None,2024-10-20,Dubai
CUST100486,Male,63,Gold,2021-08-12,Amman
CUST100487,Male,33,Gold,2023-03-20,Doha
CUST100488,Other,55,None,2022-12-15,Dubai
CUST100489,Female,50,None,2022-12-17,Cairo
CUST100490,Male,56,Silver,2020-05-25,Doha
CUST100491,Female,44,Gold,2023-09-25,Beirut
CUST100492,Male,67,Platinum,2023-04-23,Beirut
CUST100493,Male,44,Gold,2019-11-27,Beirut
CUST100494,Male,53,Gold,2018-12-14,Amman
CUST100495,Male,57,Silver,2021-03-08,Doha
CUST100496,Female,36,Gold,2023-10-13,Cairo
CUST100497,Male,57,Gold,2021-10-04,Doha
CUST100498,Other,28,None,2019-01-18,Amman
CUST100499,Other,64,Silver,2020-08-20,Dubai
CUST100500,Female,56,Gold,2021-06-25,Amman
CUST100501,Female,32,None,2020-07-09,Beirut
CUST100502,Male,71,Gold,2020-03-26,Dubai
CUST100503,Female,24,None,2019-08-27,Beirut
CUST100504,Female,56,Silver,2018-04-11,Riyadh
CUST100505,Male,16,Gold,2018-07-09,Amman
CUST100506,Female,17,None,2020-09-29,Amman
CUST100507,Female,63,None,2023-05-01,Cairo
CUST100508,Other,44,None,2018-10-26,Doha
CUST100509,Female,48,Gold,2023-02-09,Dubai
CUST100510,Female,25,None,2022-08-25,Dubai
CUST100511,Male,65,Platinum,2024-06-15,Cairo
CUST100512,Female,73,None,2020-03-07,Cairo
CUST100513,Female,55,Platinum,2022-04-22,Doha
CUST100514,Male,36,Platinum,2023-07-18,Beirut
CUST100515,Male,43,Silver,2022-06-25,Doha
CUST100516,Male,26,Silver,2020-09-26,Amman
CUST100517,Female,70,Silver,2019-08-28,Beirut
CUST100518,Other,49,Silver,2018-01-23,Riyadh
CUST100519,Male,23,None,2019-03-13,Doha
CUST100520,Female,74,None,2022-10-08,Cairo
CUST100521,Male,37,None,2020-06-15,Beirut
CUST100522,Other,23,None,2019-12-22,Doha
CUST100523,Female,64,None,2023-10-23,Dubai
CUST100524,Female,30,Silver,2023-03-18,Riyadh
CUST100525,Male,32,Platinum,2018-07-25,Amman
CUST100526,Male,38,None,2024-04-02,Dubai
CUST100527,Male,39,Silver,2020-10-17,Dubai
CUST100528,Male,60,None,2019-05-13,Riyadh
CUST100529,Female,34,Gold,2023-02-13,Amman
CUST100530,Female,20,Platinum,2019-07-01,Cairo
CUST100531,Other,47,Gold,2023-03-19,Beirut
CUST100532,Other,59,Platinum,2023-12-16,Amman
CUST100533,Female,16,None,2024-04-08,Doha
CUST100534,Female,38,Gold,2024-09-04,Dubai
CUST100535,Other,52,Gold,2021-07-23,Doha
CUST100536,Female,23,None,2022-12-18,Cairo
CUST100537,Male,28,Platinum,2023-08-30,Doha
CUST100538,Male,23,None,2022-10-14,Amman
CUST100539,Male,72,Silver,2024-02-23,Doha
CUST100540,Other,38,None,2023-01-01,Cairo
CUST100541,Female,58,None,2019-10-14,Cairo
CUST100542,Male,16,Gold,2023-04-29,Cairo
CUST100543,Female,60,Silver,2023-01-18,Amman
CUST100544,Female,66,None,2020-11-27,Cairo
CUST100545,Male,39,None,2020-10-09,Dubai
CUST100546,Male,50,Gold,2021-02-09,Cairo
CUST100547,Female,39,None,2023-11-06,Doha
CUST100548,Female,32,None,2023-06-08,Beirut
CUST100549,Female,20,Platinum,2020-09-06,Doha
CUST100550,Female,35,Gold,2021-01-29,Beirut
CUST100551,Female,36,None,2022-12-07,Doha
CUST100552,Female,55,Gold,2018-11-14,Amman
CUST100553,Female,73,Gold,2021-03-16,Doha
CUST100554,Female,46,Gold,2020-08-18,Amman
CUST100555,Male,61,Silver,2021-01-17,Amman
CUST100556,Male,51,None,2021-10-07,Cairo
CUST100557,Male,26,None,2021-08-02,Dubai
CUST100558,Female,67,None,2024-01-22,Beirut
CUST100559,Female,30,Silver,2018-11-27,Cairo
CUST100560,Female,34,None,2019-07-21,Cairo
CUST100561,Male,22,Silver,2019-09-10,Amman
CUST100562,Male,66,None,2020-08-05,Amman
CUST100563,Male,43,None,2022-04-18,Beirut
CUST100564,Male,66,Gold,2019-09-18,Doha
CUST100565,Female,58,Silver,2020-05-26,Doha
CUST100566,Male,73,None,2018-09-21,Cairo
CUST100567,Male,20,Gold,2022-08-27,Riyadh
CUST100568,Female,20,None,2022-07-28,Riyadh
CUST100569,Male,45,Gold,2021-09-17,Doha
CUST100570,Female,69,Gold,2024-02-01,Riyadh
CUST100571,Female,47,None,2023-03-24,Doha
CUST100572,Male,23,Gold,2022-08-31,Amman
CUST100573,Female,25,Silver,2018-09-13,Cairo
CUST100574,Female,53,Silver,2020-04-27,Dubai
CUST100575,Other,62,None,2022-09-17,Cairo
CUST100576,Male,47,None,2022-05-15,Doha
CUST100577,Female,63,Platinum,2024-07-20,Doha
CUST100578,Female,43,None,2018-03-22,Cairo
CUST100579,Male,32,Silver,2024-06-16,Beirut
CUST100580,Male,46,Silver,2022-04-08,Doha
CUST100581,Other,23,Silver,2023-05-08,Riyadh
CUST100582,Female,55,None,2018-01-25,Riyadh
CUST100583,Male,40,None,2021-12-11,Doha
CUST100584,Female,24,Gold,2021-05-08,Doha
CUST100585,Male,17,None,2022-05-17,Beirut
CUST100586,Male,30,None,2022-09-13,Riyadh
CUST100587,Male,65,None,2024-01-14,Doha
CUST100588,Male,18,None,2024-02-15,Doha
CUST100589,Male,64,Gold,2024-10-06,Beirut
CUST100590,Male,51,None,2020-06-22,Beirut
CUST100591,Female,19,None,2023-06-23,Cairo
CUST100592,Male,29,None,2020-06-17,Beirut
CUST100593,Male,56,Gold,2021-01-22,Dubai
CUST100594,Female,56,Silver,2022-11-21,Riyadh
CUST100595,Female,40,None,2023-06-13,Cairo
CUST100596,Female,73,Gold,2018-04-29,Dubai
CUST100597,Male,70,Silver,2022-05-12,Doha
CUST100598,Male,65,Gold,2021-10-08,Doha
CUST100599,Male,25,Gold,2022-07-15,Cairo
CUST100600,Male,36,None,2019-11-08,Beirut
CUST100601,Male,51,None,2023-03-30,Doha
CUST100602,Male,27,None,2019-06-07,Amman
CUST100603,Male,42,None,2023-12-28,Cairo
CUST100604,Male,55,Platinum,2018-04-21,Dubai
CUST100605,Male,17,None,2022-06-02,Cairo
CUST100606,Male,69,None,2024-08-21,Riyadh
CUST100607,Male,28,Gold,2024-04-30,Beirut
CUST100608,Female,68,Silver,2018-04-22,Beirut
CUST100609,Female,47,None,2018-12-10,Cairo
CUST100610,Male,46,None,2022-10-22,Doha
CUST100611,Female,31,None,2019-07-10,Doha
CUST100612,Female,47,Gold,2023-03-07,Amman
CUST100613,Male,47,None,2020-01-15,Amman
CUST100614,Female,49,None,2018-07-25,Beirut
CUST100615,Female,26,Silver,2020-12-01,Amman
CUST100616,Male,25,None,2022-04-02,Dubai
CUST100617,Male,30,Silver,2021-09-02,Amman
CUST100618,Female,32,Silver,2020-05-16,Dubai
CUST100619,Female,55,None,2023-02-06,Amman
CUST100620,Male,33,Platinum,2021-08-31,Beirut
CUST100621,Male,70,Silver,2021-10-14,Beirut
CUST100622,Male,24,None,2022-04-02,Dubai
CUST100623,Female,40,Silver,2021-02-13,Cairo
CUST100624,Female,55,Gold,2022-09-23,Beirut
CUST100625,Male,74,Gold,2020-10-30,Cairo
CUST100626,Male,29,None,2018-12-02,Doha
CUST100627,Female,73,Platinum,2023-04-11,Dubai
CUST100628,Male,40,None,2018-03-21,Beirut
CUST100629,Male,65,None,2024-01-19,Riyadh
CUST100630,Female,37,None,2018-08-02,Doha
CUST100631,Female,67,None,2021-12-04,Cairo
CUST100632,Female,45,Gold,2020-07-07,Beirut
CUST100633,Female,35,None,2018-10-09,Dubai
CUST100634,Male,36,None,2018-06-14,Amman
CUST100635,Male,59,Gold,2018-05-08,Riyadh
CUST100636,Female,47,None,2020-10-09,Cairo
CUST100637,Male,66,None,2020-03-27,Doha
CUST100638,Male,61,None,2018-03-25,Dubai
CUST100639,Male,64,None,2019-09-17,Riyadh
CUST100640,Male,71,None,2020-09-04,Dubai
CUST100641,Male,36,Silver,2019-06-02,Beirut
CUST100642,Male,50,None,2023-04-24,Amman
CUST100643,Male,73,None,2019-04-14,Doha
CUST100644,Male,47,Gold,2024-04-29,Dubai
CUST100645,Female,45,Silver,2020-06-11,Cairo
CUST100646,Female,70,None,2023-03-20,Beirut
CUST100647,Female,54,Silver,2020-11-15,Beirut
CUST100648,Female,64,None,2022-02-19,Doha
CUST100649,Female,27,Silver,2019-11-19,Beirut
CUST100650,Male,56,Silver,2024-10-17,Cairo
CUST100651,Female,62,None,2024-10-23,Dubai
CUST100652,Female,33,Platinum,2019-04-15,Doha
CUST100653,Female,36,None,2019-11-02,Beirut
CUST100654,Male,28,Gold,2021-06-28,Beirut
CUST100655,Male,36,None,2019-03-19,Cairo
CUST100656,Male,23,Gold,2024-06-28,Amman
CUST100657,Male,61,Silver,2018-04-16,Amman
CUST100658,Female,55,Gold,2021-07-01,Beirut
CUST100659,Female,61,None,2024-06-16,Dubai
CUST100660,Male,22,Silver,2022-03-18,Doha
CUST100661,Other,38,Silver,2022-06-13,Beirut
CUST100662,Female,59,Gold,2020-03-23,Riyadh
CUST100663,Male,47,Silver,2018-11-08,Doha
CUST100664,Male,26,Silver,2024-08-22,Amman
CUST100665,Male,37,None,2020-09-21,Beirut
CUST100666,Male,37,None,2019-02-22,Cairo
CUST100667,Male,58,Silver,2021-05-20,Riyadh
CUST100668,Male,40,None,2024-09-25,Beirut
CUST100669,Male,37,Platinum,2019-05-11,Dubai
CUST100670,Male,43,Gold,2024-05-07,Riyadh
CUST100671,Female,44,Platinum,2018-06-18,Beirut
CUST100672,Male,28,None,2021-11-23,Dubai
CUST100673,Female,33,Gold,2023-12-23,Riyadh
CUST100674,Male,17,Gold,2022-10-21,Dubai
CUST100675,Other,44,Silver,2022-02-26,Dubai
CUST100676,Male,36,Silver,2018-10-10,Riyadh
CUST100677,Male,30,None,2023-09-04,Riyadh
CUST100678,Other,67,Gold,2021-10-29,Dubai
CUST100679,Female,42,Silver,2018-02-21,Amman
CUST100680,Female,65,None,2022-09-17,Riyadh
CUST100681,Male,46,None,2023-07-01,Beirut
CUST100682,Male,30,Platinum,2019-03-09,Doha
CUST100683,Female,66,Gold,2022-11-11,Cairo
CUST100684,Female,38,Platinum,2022-01-23,Dubai
CUST100685,Female,39,Silver,2023-02-27,Dubai
CUST100686,Female,59,None,2019-09-19,Cairo
CUST100687,Male,28,None,2022-11-19,Amman
CUST100688,Female,37,None,2019-12-23,Cairo
CUST100689,Male,58,None,2023-11-08,Riyadh
CUST100690,Male,52,None,2021-01-11,Cairo
CUST100691,Male,48,None,2024-01-14,Dubai
CUST100692,Female,71,None,2023-06-04,Cairo
CUST100693,Male,18,Platinum,2023-03-20,Doha
CUST100694,Male,69,None,2022-11-20,Beirut
CUST100695,Female,34,Gold,2024-08-23,Riyadh
CUST100696,Male,38,Silver,2021-01-04,Cairo
CUST100697,Female,44,None,2021-08-13,Dubai
CUST100698,Male,45,None,2020-10-02,Beirut
CUST100699,Female,54,None,2018-12-21,Riyadh
CUST100700,Female,59,None,2021-02-16,Dubai
CUST100701,Male,62,Silver,2023-01-21,Amman
CUST100702,Male,40,None,2020-09-25,Doha
CUST100703,Male,52,None,2023-03-19,Amman
CUST100704,Male,62,None,2024-05-23,Doha
CUST100705,Other,23,Platinum,2024-11-04,Cairo
CUST100706,Male,57,Gold,2022-04-02,Riyadh
CUST100707,Female,73,Gold,2021-10-09,Cairo
CUST100708,Male,31,None,2018-04-28,Doha
CUST100709,Female,23,Gold,2023-07-18,Doha
CUST100710,Female,16,Gold,2021-08-24,Doha
CUST100711,Female,59,Silver,2020-01-15,Beirut
CUST100712,Female,20,Platinum,2023-06-21,Dubai
CUST100713,Male,18,None,2020-05-18,Riyadh
CUST100714,Male,16,Platinum,2021-12-24,Cairo
CUST100715,Female,19,Platinum,2020-11-24,Cairo
CUST100716,Female,55,None,2021-10-26,Amman
CUST100717,Other,50,Silver,2021-02-19,Doha
CUST100718,Male,47,Platinum,2024-09-07,Doha
CUST100719,Female,57,None,2021-02-05,Doha
CUST100720,Female,49,Silver,2024-03-26,Cairo
CUST100721,Male,58,Platinum,2018-02-11,Amman
CUST100722,Male,40,Silver,2023-10-18,Dubai
CUST100723,Female,25,None,2020-02-22,Beirut
CUST100724,Female,36,Silver,2018-12-17,Riyadh
CUST100725,Female,61,None,2020-09-15,Dubai
CUST100726,Male,54,Silver,2022-07-23,Cairo
CUST100727,Female,42,None,2023-06-25,Beirut
CUST100728,Male,42,Silver,2024-03-24,Beirut
CUST100729,Male,17,Silver,2020-09-11,Beirut
CUST100730,Male,56,Gold,2023-05-05,Doha
CUST100731,Female,63,Silver,2023-07-04,Riyadh
CUST100732,Female,28,Silver,2023-01-10,Cairo
CUST100733,Female,24,Silver,2018-03-12,Cairo
CUST100734,Male,67,None,2019-01-17,Beirut
CUST100735,Female,51,Silver,2021-04-20,Cairo
CUST100736,Male,37,None,2020-06-26,Riyadh
CUST100737,Female,57,Platinum,2022-07-15,Riyadh
CUST100738,Male,41,None,2020-09-23,Amman
CUST100739,Male,73,None,2021-06-08,Amman
CUST100740,Male,69,Silver,2024-07-10,Dubai
CUST100741,Male,27,Silver,2022-02-20,Riyadh
CUST100742,Female,32,None,2023-04-23,Riyadh
CUST100743,Female,29,Silver,2024-03-17,Riyadh
CUST100744,Male,29,Silver,2023-12-15,Amman
CUST100745,Female,72,Gold,2021-11-09,Beirut
CUST100746,Male,49,None,2022-10-09,Beirut
CUST100747,Female,68,Silver,2024-03-04,Cairo
CUST100748,Female,72,Silver,2021-09-16,Beirut
CUST100749,Female,35,Silver,2021-12-12,Doha
CUST100750,Male,26,Silver,2023-02-02,Amman
CUST100751,Female,31,Silver,2021-01-14,Riyadh
CUST100752,Female,66,None,2021-06-09,Beirut
CUST100753,Male,46,None,2020-10-26,Amman
CUST100754,Male,70,None,2020-08-02,Beirut
CUST100755,Female,21,None,2019-05-10,Dubai
CUST100756,Female,71,None,2020-02-28,Riyadh
CUST100757,Female,34,Silver,2021-07-16,Dubai
CUST100758,Female,52,None,2019-05-05,Riyadh
CUST100759,Female,73,Platinum,2024-01-04,Amman
CUST100760,Male,19,None,2020-01-29,Cairo
CUST100761,Male,62,Gold,2020-02-24,Beirut
CUST100762,Male,19,Silver,2020-06-05,Beirut
CUST100763,Female,35,None,2023-06-07,Doha
CUST100764,Male,25,None,2021-02-06,Dubai
CUST100765,Female,39,Silver,2024-08-11,Beirut
CUST100766,Female,69,None,2023-11-19,Amman
CUST100767,Female,50,Platinum,2024-09-10,Cairo
CUST100768,Male,41,Silver,2021-03-05,Amman
CUST100769,Female,52,Platinum,2019-02-16,Dubai
CUST100770,Male,53,None,2020-03-06,Doha
CUST100771,Female,36,Gold,2021-04-28,Beirut
CUST100772,Male,69,Silver,2020-07-20,Amman
CUST100773,Male,55,Gold,2022-01-18,Riyadh
CUST100774,Female,54,None,2020-01-05,Cairo
CUST100775,Male,36,Silver,2021-05-23,Amman
CUST100776,Male,25,Silver,2018-02-27,Cairo
CUST100777,Female,53,Gold,2023-12-28,Beirut
CUST100778,Female,61,None,2019-06-03,Riyadh
CUST100779,Female,19,Gold,2021-01-28,Doha
CUST100780,Female,72,None,2018-07-06,Doha
CUST100781,Female,60,Gold,2018-08-12,Riyadh
CUST100782,Male,35,Gold,2024-03-16,Cairo
CUST100783,Male,32,Gold,2021-04-11,Beirut
CUST100784,Male,70,Silver,2019-06-02,Amman
CUST100785,Female,22,None,2023-07-04,Riyadh
CUST100786,Female,19,Platinum,2019-02-25,Dubai
CUST100787,Male,44,None,2018-02-20,Cairo
CUST100788,Male,29,Silver,2024-06-09,Doha
CUST100789,Other,18,Silver,2021-03-10,Riyadh
CUST100790,Male,39,Gold,2023-04-07,Doha
CUST100791,Female,52,None,2023-05-15,Cairo
CUST100792,Female,31,Silver,2022-12-10,Doha
CUST100793,Female,73,Gold,2021-10-27,Riyadh
CUST100794,Male,70,None,2020-01-26,Cairo
CUST100795,Female,67,Platinum,2018-07-30,Dubai
CUST100796,Female,19,None,2020-10-31,Riyadh
CUST100797,Female,71,None,2023-05-11,Amman
CUST100798,Female,39,None,2019-04-13,Beirut
CUST100799,Female,49,None,2018-09-25,Riyadh
CUST100800,Female,45,Platinum,2022-06-30,Cairo
CUST100801,Male,33,None,2023-07-08,Beirut
CUST100802,Female,34,None,2018-10-31,Riyadh
CUST100803,Female,46,None,2024-06-21,Dubai
CUST100804,Male,34,Silver,2018-08-08,Dubai
CUST100805,Female,64,Silver,2019-09-14,Amman
CUST100806,Female,61,None,2019-09-04,Doha
CUST100807,Female,34,None,2024-04-24,Beirut
CUST100808,Male,37,Gold,2021-05-29,Cairo
CUST100809,Male,39,None,2018-12-15,Cairo
CUST100810,Other,60,Silver,2020-10-13,Doha
CUST100811,Female,27,None,2019-05-01,Dubai
CUST100812,Male,45,Gold,2024-04-04,Dubai
CUST100813,Female,73,None,2022-09-01,Riyadh
CUST100814,Female,53,Silver,2024-10-19,Amman
CUST100815,Female,68,None,2024-09-07,Beirut
CUST100816,Female,46,Platinum,2020-07-13,Amman
CUST100817,Male,51,None,2023-11-11,Amman
CUST100818,Male,34,Gold,2022-04-08,Riyadh
CUST100819,Male,63,None,2023-01-20,Amman
CUST100820,Female,60,None,2022-12-19,Doha
CUST100821,Male,51,Gold,2021-05-02,Riyadh
CUST100822,Male,45,None,2024-08-07,Doha
CUST100823,Male,70,Gold,2022-10-23,Riyadh
CUST100824,Female,64,Platinum,2021-06-04,Amman
CUST100825,Female,70,Gold,2024-05-18,Doha
CUST100826,Male,48,None,2018-09-04,Doha
CUST100827,Male,33,Gold,2024-11-02,Doha
CUST100828,Female,67,None,2019-02-11,Riyadh
CUST100829,Male,64,Gold,2020-05-01,Cairo
CUST100830,Male,74,Silver,2020-05-14,Amman
CUST100831,Male,43,Gold,2020-12-19,Doha
CUST100832,Male,74,Silver,2018-11-29,Beirut
CUST100833,Male,62,Silver,2019-10-06,Cairo
CUST100834,Female,26,None,2020-09-09,Beirut
CUST100835,Male,72,Gold,2019-12-13,Amman
CUST100836,Female,69,None,2024-03-10,Amman
CUST100837,Male,60,Silver,2018-11-04,Doha
CUST100838,Female,48,Gold,2019-10-04,Doha
CUST100839,Female,32,Silver,2018-01-11,Riyadh
CUST100840,Male,21,None,2022-08-01,Cairo
CUST100841,Female,19,Silver,2023-01-20,Cairo
CUST100842,Male,35,None,2024-08-29,Doha
CUST100843,Other,63,Silver,2023-04-09,Amman
CUST100844,Male,62,None,2021-04-07,Doha
CUST100845,Male,42,None,2018-05-14,Amman
CUST100846,Male,30,None,2020-08-06,Amman
CUST100847,Other,21,Gold,2021-03-26,Doha
CUST100848,Female,62,None,2021-03-04,Dubai
CUST100849,Female,29,None,2023-02-03,Cairo
CUST100850,Male,26,Platinum,2018-10-19,Beirut
CUST100851,Female,54,None,2020-08-14,Amman
CUST100852,Male,24,Silver,2020-12-19,Amman
CUST100853,Female,41,Gold,2024-08-12,Dubai
CUST100854,Male,31,Platinum,2020-03-21,Beirut
CUST100855,Male,20,Gold,2022-10-08,Riyadh
CUST100856,Male,72,Gold,2019-04-16,Dubai
CUST100857,Female,67,Gold,2024-02-09,Beirut
CUST100858,Female,25,None,2020-07-09,Dubai
CUST100859,Male,65,Gold,2019-09-03,Amman
CUST100860,Female,18,None,2020-12-24,Cairo
CUST100861,Male,28,Platinum,2019-08-06,Dubai
CUST100862,Female,58,None,2018-10-20,Riyadh
CUST100863,Male,64,Silver,2018-09-02,Doha
CUST100864,Male,45,None,2019-11-11,Beirut
CUST100865,Female,69,Gold,2021-06-13,Dubai
CUST100866,Male,60,None,2024-09-03,Dubai
CUST100867,Male,21,Gold,2024-05-20,Riyadh
CUST100868,Female,32,Gold,2021-03-28,Cairo
CUST100869,Other,74,None,2022-12-04,Dubai
CUST100870,Male,60,Gold,2019-05-25,Dubai
CUST100871,Male,66,Gold,2023-04-04,Cairo
CUST100872,Female,68,Silver,2021-05-30,Riyadh
CUST100873,Male,34,None,2022-07-07,Beirut
CUST100874,Male,57,None,2021-01-20,Beirut
CUST100875,Male,50,None,2023-08-12,Dubai
CUST100876,Female,61,None,2024-01-21,Cairo
CUST100877,Female,41,Platinum,2023-07-16,Dubai
CUST100878,Male,66,None,2022-11-29,Doha
CUST100879,Male,20,Gold,2018-11-26,Beirut
CUST100880,Male,44,None,2024-09-15,Amman
CUST100881,Female,52,Silver,2018-06-13,Doha
CUST100882,Male,35,Gold,2022-11-05,Dubai
CUST100883,Male,64,Gold,2021-08-13,Riyadh
CUST100884,Female,36,None,2024-10-08,Beirut
CUST100885,Male,25,Silver,2020-10-22,Amman
CUST100886,Female,20,None,2018-04-16,Doha
CUST100887,Male,51,None,2019-01-10,Beirut
CUST100888,Male,21,None,2020-07-26,Cairo
CUST100889,Male,41,Silver,2024-06-14,Riyadh
CUST100890,Female,19,None,2024-08-01,Doha
CUST100891,Female,54,Gold,2018-03-26,Cairo
CUST100892,Female,54,None,2021-01-08,Dubai
CUST100893,Male,65,Silver,2024-06-18,Cairo
CUST100894,Female,50,None,2018-06-14,Doha
CUST100895,Male,16,Gold,2019-12-19,Doha
CUST100896,Male,39,Gold,2023-04-12,Dubai
CUST100897,Female,72,Silver,2023-10-27,Cairo
CUST100898,Male,51,Gold,2022-12-17,Cairo
CUST100899,Male,21,None,2021-02-13,Dubai
CUST100900,Male,56,Silver,2020-01-14,Cairo
CUST100901,Male,69,None,2024-07-25,Beirut
CUST100902,Male,61,None,2022-11-21,Dubai
CUST100903,Female,59,Gold,2023-07-08,Riyadh
CUST100904,Male,72,Gold,2019-01-09,Doha
CUST100905,Female,46,None,2023-04-10,Riyadh
CUST100906,Female,35,Silver,2021-11-26,Beirut
CUST100907,Male,39,Silver,2022-07-31,Beirut
CUST100908,Male,40,None,2021-09-27,Amman
CUST100909,Male,51,None,2021-08-08,Amman
CUST100910,Female,36,None,2019-03-05,Amman
CUST100911,Male,45,None,2019-10-21,Dubai
CUST100912,Female,39,None,2021-09-12,Cairo
CUST100913,Male,59,None,2022-08-14,Beirut
CUST100914,Female,57,None,2023-07-23,Riyadh
CUST100915,Male,45,Gold,2021-03-26,Riyadh
CUST100916,Male,37,Silver,2022-06-29,Riyadh
CUST100917,Other,43,Platinum,2024-03-03,Riyadh
CUST100918,Female,22,None,2018-05-31,Amman
CUST100919,Male,50,Gold,2023-02-06,Riyadh
CUST100920,Female,70,Gold,2018-12-27,Cairo
CUST100921,Female,43,Silver,2021-07-12,Amman
CUST100922,Female,29,None,2020-10-30,Riyadh
CUST100923,Female,71,Gold,2021-08-17,Dubai
CUST100924,Male,25,None,2019-04-20,Doha
CUST100925,Male,31,None,2022-07-14,Doha
CUST100926,Male,31,Silver,2023-10-09,Doha
CUST100927,Female,69,Silver,2018-01-05,Amman
CUST100928,Female,46,None,2024-02-01,Riyadh
CUST100929,Male,57,Platinum,2023-03-08,Beirut
CUST100930,Male,40,Silver,2022-08-20,Beirut
CUST100931,Female,28,Silver,2018-08-11,Beirut
CUST100932,Other,21,Platinum,2020-02-08,Amman
CUST100933,Female,59,None,2023-10-25,Cairo
CUST100934,Male,24,Platinum,2022-01-21,Dubai
CUST100935,Male,60,Silver,2023-08-04,Dubai
CUST100936,Male,51,None,2022-12-16,Doha
CUST100937,Female,71,Gold,2018-07-31,Doha
CUST100938,Male,58,Silver,2020-04-13,Beirut
CUST100939,Female,35,Gold,2020-12-29,Beirut
CUST100940,Male,33,Platinum,2024-02-28,Doha
CUST100941,Female,73,Gold,2019-06-21,Riyadh
CUST100942,Female,58,Silver,2021-03-25,Cairo
CUST100943,Female,72,Gold,2022-11-30,Cairo
CUST100944,Male,36,Silver,2023-06-09,Cairo
CUST100945,Male,19,None,2019-05-13,Cairo
CUST100946,Male,65,Gold,2018-04-29,Doha
CUST100947,Female,48,None,2024-10-29,Dubai
CUST100948,Female,42,Gold,2020-09-07,Doha
CUST100949,Female,22,Gold,2019-10-11,Cairo
CUST100950,Female,21,Gold,2021-06-26,Doha
CUST100951,Female,30,Silver,2024-03-06,Cairo
CUST100952,Male,33,Gold,2018-02-26,Amman
CUST100953,Female,47,Silver,2024-03-12,Beirut
CUST100954,Male,71,Gold,2022-07-30,Dubai
CUST100955,Male,26,None,2019-01-17,Amman
CUST100956,Female,35,None,2020-07-09,Riyadh
CUST100957,Male,39,None,2019-04-10,Doha
CUST100958,Male,30,Silver,2023-03-06,Riyadh
CUST100959,Female,63,Silver,2019-04-27,Doha
CUST100960,Male,22,Gold,2019-09-23,Beirut
CUST100961,Female,36,None,2023-08-04,Amman
CUST100962,Male,57,Silver,2021-04-10,Beirut
CUST100963,Male,41,None,2023-09-16,Cairo
CUST100964,Male,59,None,2021-01-24,Beirut
CUST100965,Male,71,Silver,2022-08-29,Beirut
CUST100966,Female,29,None,2023-05-31,Cairo
CUST100967,Male,72,None,2023-04-19,Doha
CUST100968,Female,52,None,2020-09-25,Cairo
CUST100969,Female,73,None,2023-02-14,Amman
CUST100970,Female,36,Silver,2024-03-07,Beirut
CUST100971,Female,33,None,2019-08-16,Cairo
CUST100972,Female,20,Gold,2022-04-21,Beirut
CUST100973,Male,18,Gold,2020-02-20,Amman
CUST100974,Male,38,Silver,2024-09-21,Riyadh
CUST100975,Male,41,Platinum,2023-09-13,Amman
CUST100976,Female,52,Silver,2019-07-14,Dubai
CUST100977,Male,39,Silver,2018-10-13,Dubai
CUST100978,Female,64,Platinum,2021-02-05,Dubai
CUST100979,Female,34,None,2022-08-27,Beirut
CUST100980,Male,66,Platinum,2021-10-24,Doha
CUST100981,Female,40,None,2023-09-11,Doha
CUST100982,Male,36,None,2020-12-30,Doha
CUST100983,Male,27,None,2018-01-11,Beirut
CUST100984,Female,72,Gold,2021-03-04,Amman
CUST100985,Female,56,Silver,2021-05-07,Doha
CUST100986,Female,48,Gold,2024-08-01,Riyadh
CUST100987,Male,65,None,2024-07-03,Dubai
CUST100988,Male,68,None,2023-06-29,Amman
CUST100989,Female,19,None,2019-09-01,Dubai
CUST100990,Female,57,None,2023-01-04,Doha
CUST100991,Female,72,Platinum,2024-01-16,Amman
CUST100992,Male,22,None,2023-06-07,Cairo
CUST100993,Female,37,Gold,2021-11-14,Riyadh
CUST100994,Male,70,Gold,2021-09-23,Doha
CUST100995,Male,48,None,2024-03-10,Doha
CUST100996,Female,32,Silver,2024-02-04,Riyadh
CUST100997,Male,39,None,2022-03-26,Riyadh
CUST100998,Other,49,None,2023-02-09,Cairo
CUST100999,Male,43,None,2021-08-11,Doha
CUST101000,Male,73,Silver,2020-02-12,Beirut
CUST101001,Female,58,None,2020-09-05,Doha
CUST101002,Female,56,Silver,2024-05-31,Dubai
CUST101003,Female,54,Silver,2022-04-18,Amman
CUST101004,Female,37,None,2020-08-14,Amman
CUST101005,Female,64,Silver,2022-08-10,Dubai
CUST101006,Female,32,Gold,2018-06-28,Amman
CUST101007,Female,49,None,2021-07-27,Riyadh
CUST101008,Male,21,None,2023-04-22,Amman
CUST101009,Female,61,Gold,2022-04-11,Amman
CUST101010,Male,21,None,2022-05-01,Dubai
CUST101011,Other,49,Silver,2019-09-16,Cairo
CUST101012,Other,16,None,2023-07-22,Amman
CUST101013,Male,25,None,2018-06-01,Beirut
CUST101014,Female,36,None,2019-06-02,Amman
CUST101015,Female,20,None,2023-08-20,Cairo
CUST101016,Male,17,Silver,2024-08-14,Dubai
CUST101017,Female,37,None,2021-09-21,Cairo
CUST101018,Female,63,Gold,2019-02-16,Dubai
CUST101019,Male,72,Gold,2022-12-09,Riyadh
CUST101020,Female,17,Silver,2019-02-13,Dubai
CUST101021,Male,25,Gold,2023-11-25,Riyadh
CUST101022,Female,49,None,2023-02-15,Riyadh
CUST101023,Other,31,None,2018-03-04,Dubai
CUST101024,Other,63,Gold,2019-08-14,Beirut
CUST101025,Female,66,None,2022-08-07,Doha
CUST101026,Female,54,Silver,2019-09-25,Dubai
CUST101027,Female,37,None,2018-11-03,Amman
CUST101028,Male,27,Silver,2023-04-08,Beirut
CUST101029,Female,39,Gold,2020-12-21,Beirut
CUST101030,Male,62,Gold,2021-10-18,Amman
CUST101031,Female,55,Gold,2022-06-17,Doha
CUST101032,Male,53,Gold,2018-11-25,Beirut
CUST101033,Male,74,Silver,2021-09-07,Riyadh
CUST101034,Male,25,Silver,2023-12-26,Doha
CUST101035,Female,50,None,2022-04-06,Amman
CUST101036,Male,66,None,2021-07-21,Doha
CUST101037,Female,64,Silver,2023-06-22,Dubai
CUST101038,Male,47,Platinum,2024-01-26,Doha
CUST101039,Male,22,None,2018-05-28,Riyadh
CUST101040,Female,36,Silver,2018-10-08,Dubai
CUST101041,Female,35,Silver,2020-08-19,Cairo
CUST101042,Male,41,Silver,2021-03-23,Amman
CUST101043,Female,19,Gold,2020-07-20,Amman
CUST101044,Female,61,None,2019-01-06,Doha
CUST101045,Female,67,Silver,2022-11-13,Beirut
CUST101046,Male,37,Gold,2019-02-08,Dubai
CUST101047,Male,30,Silver,2019-02-16,Cairo
CUST101048,Female,71,None,2022-12-23,Dubai
CUST101049,Male,55,Silver,2019-11-13,Amman
CUST101050,Female,36,Gold,2021-05-11,Dubai
CUST101051,Female,30,None,2018-04-29,Cairo
CUST101052,Female,37,Gold,2018-07-08,Beirut
CUST101053,Female,67,Gold,2021-08-21,Doha
CUST101054,Other,43,Silver,2018-08-18,Riyadh
CUST101055,Male,29,Platinum,2021-04-16,Dubai
CUST101056,Female,42,Gold,2022-01-08,Riyadh
CUST101057,Male,56,Gold,2022-03-16,Amman
CUST101058,Female,55,Gold,2022-10-31,Doha
CUST101059,Female,73,None,2019-08-20,Doha
CUST101060,Female,43,None,2020-09-27,Dubai
CUST101061,Other,41,Silver,2023-12-16,Beirut
CUST101062,Female,64,None,2022-08-15,Doha
CUST101063,Male,17,None,2024-05-07,Dubai
CUST101064,Male,40,Gold,2020-01-08,Dubai
CUST101065,Female,71,Gold,2019-11-28,Riyadh
CUST101066,Male,18,Silver,2019-12-19,Doha
CUST101067,Male,23,Gold,2018-11-20,Dubai
CUST101068,Male,59,Gold,2024-11-01,Riyadh
CUST101069,Male,48,None,2022-04-16,Cairo
CUST101070,Male,57,None,2020-09-13,Riyadh
CUST101071,Male,67,Silver,2023-08-01,Riyadh
CUST101072,Male,50,Gold,2024-07-16,Dubai
CUST101073,Male,21,None,2019-08-10,Amman
CUST101074,Other,54,Silver,2020-08-09,Amman
CUST101075,Male,67,None,2023-03-04,Beirut
CUST101076,Male,38,Gold,2020-11-06,Amman
CUST101077,Female,40,Gold,2023-02-26,Riyadh
CUST101078,Male,74,Gold,2020-11-11,Beirut
CUST101079,Other,65,Platinum,2018-02-08,Dubai
CUST101080,Female,58,Gold,2023-03-21,Doha
CUST101081,Male,34,Platinum,2021-03-24,Riyadh
CUST101082,Male,20,Platinum,2024-02-17,Riyadh
CUST101083,Female,66,Gold,2019-10-10,Beirut
CUST101084,Other,26,Silver,2018-10-30,Dubai
CUST101085,Male,71,None,2022-12-15,Cairo
CUST101086,Female,27,Silver,2021-11-16,Riyadh
CUST101087,Male,25,Silver,2024-08-03,Cairo
CUST101088,Other,23,None,2021-05-10,Cairo
CUST101089,Male,39,None,2022-10-04,Amman
CUST101090,Other,43,Platinum,2020-10-21,Dubai
CUST101091,Female,56,Gold,2023-02-15,Cairo
CUST101092,Female,51,Gold,2021-05-22,Dubai
CUST101093,Female,52,None,2020-03-26,Amman
CUST101094,Male,36,None,2022-04-25,Dubai
CUST101095,Male,23,None,2023-06-03,Riyadh
CUST101096,Male,70,None,2019-03-13,Cairo
CUST101097,Male,24,None,2020-08-29,Dubai
CUST101098,Female,62,None,2022-04-12,Doha
CUST101099,Male,30,Platinum,2024-05-31,Dubai
CUST101100,Male,63,Gold,2022-01-10,Cairo
CUST101101,Other,61,None,2024-06-12,Amman
CUST101102,Female,55,None,2021-04-26,Amman
CUST101103,Female,33,Silver,2021-04-24,Cairo
CUST101104,Other,57,None,2018-03-31,Riyadh
CUST101105,Male,35,Platinum,2022-06-10,Riyadh
CUST101106,Male,21,None,2021-01-29,Amman
CUST101107,Female,27,None,2018-02-03,Amman
CUST101108,Female,17,None,2024-05-07,Cairo
CUST101109,Male,22,None,2018-07-20,Riyadh
CUST101110,Female,31,Silver,2024-10-19,Amman
CUST101111,Male,18,Gold,2023-07-28,Riyadh
CUST101112,Male,60,Silver,2021-03-18,Amman
CUST101113,Female,18,None,2020-07-31,Dubai
CUST101114,Female,42,Silver,2024-10-22,Doha
CUST101115,Female,65,Silver,2021-12-14,Beirut
CUST101116,Male,58,Gold,2020-06-16,Dubai
CUST101117,Female,55,None,2020-02-18,Beirut
CUST101118,Male,53,None,2020-10-23,Amman
CUST101119,Male,48,Silver,2019-07-15,Doha
CUST101120,Female,43,Silver,2019-02-02,Doha
CUST101121,Other,16,Silver,2018-06-11,Amman
CUST101122,Female,70,None,2021-06-19,Amman
CUST101123,Female,23,Silver,2022-12-11,Riyadh
CUST101124,Female,52,Gold,2018-05-17,Amman
CUST101125,Female,47,Silver,2024-07-01,Cairo
CUST101126,Male,63,Platinum,2022-02-03,Amman
CUST101127,Male,58,Silver,2019-06-23,Cairo
CUST101128,Male,52,Platinum,2019-01-05,Amman
CUST101129,Male,19,Gold,2021-04-23,Riyadh
CUST101130,Female,45,None,2021-08-31,Cairo
CUST101131,Female,21,Gold,2022-08-29,Dubai
CUST101132,Male,61,None,2019-12-21,Cairo
CUST101133,Male,69,Platinum,2020-04-02,Riyadh
CUST101134,Female,34,Silver,2019-06-26,Beirut
CUST101135,Male,47,None,2024-01-19,Cairo
CUST101136,Female,24,Silver,2022-02-07,Amman
CUST101137,Female,27,Platinum,2023-12-15,Amman
CUST101138,Female,26,None,2023-08-18,Beirut
CUST101139,Female,61,Silver,2021-01-21,Riyadh
CUST101140,Female,70,Gold,2019-11-05,Doha
CUST101141,Male,31,Gold,2020-11-18,Amman
CUST101142,Female,16,None,2023-05-28,Dubai
CUST101143,Female,60,None,2021-04-23,Riyadh
CUST101144,Male,70,None,2021-10-19,Cairo
CUST101145,Female,68,Silver,2019-04-17,Cairo
CUST101146,Female,36,Silver,2023-04-03,Dubai
CUST101147,Female,45,Platinum,2018-11-05,Amman
CUST101148,Female,28,None,2019-07-31,Riyadh
CUST101149,Female,49,Silver,2020-07-13,Dubai
CUST101150,Female,19,None,2022-06-16,Amman
CUST101151,Female,43,None,2024-04-01,Riyadh
CUST101152,Female,53,Silver,2022-02-07,Cairo
CUST101153,Female,73,Silver,2019-01-05,Riyadh
CUST101154,Female,46,Silver,2022-06-05,Beirut
CUST101155,Female,74,Platinum,2018-02-27,Doha
CUST101156,Male,70,Silver,2020-12-19,Riyadh
CUST101157,Female,42,Platinum,2024-01-07,Doha
CUST101158,Female,20,Gold,2019-05-22,Riyadh
CUST101159,Male,40,Silver,2023-02-06,Doha
CUST101160,Female,18,Gold,2022-02-18,Beirut
CUST101161,Male,48,Silver,2020-12-09,Cairo
CUST101162,Male,19,None,2024-07-22,Amman
CUST101163,Female,40,Gold,2022-04-10,Doha
CUST101164,Male,35,None,2022-03-02,Beirut
CUST101165,Female,49,Silver,2019-03-20,Doha
CUST101166,Female,41,Gold,2020-08-15,Cairo
CUST101167,Female,20,None,2023-04-16,Doha
CUST101168,Male,50,None,2018-04-13,Beirut
CUST101169,Male,43,Platinum,2024-04-18,Beirut
CUST101170,Female,44,Silver,2021-09-05,Dubai
CUST101171,Other,24,None,2024-11-03,Cairo
CUST101172,Female,67,Silver,2020-06-25,Dubai
CUST101173,Male,53,Silver,2018-09-16,Cairo
CUST101174,Female,65,Silver,2023-03-17,Doha
CUST101175,Female,21,Platinum,2021-05-22,Beirut
CUST101176,Female,34,Silver,2022-07-31,Dubai
CUST101177,Male,59,None,2019-04-23,Doha
CUST101178,Female,72,Gold,2019-07-27,Beirut
CUST101179,Female,26,Gold,2018-07-05,Cairo
CUST101180,Other,17,None,2018-06-02,Beirut
CUST101181,Male,62,None,2021-05-31,Doha
CUST101182,Female,59,None,2023-07-11,Dubai
CUST101183,Female,59,Silver,2019-04-21,Dubai
CUST101184,Male,24,Silver,2019-02-03,Beirut
CUST101185,Female,36,Silver,2020-08-19,Doha
CUST101186,Female,39,Platinum,2024-01-11,Riyadh
CUST101187,Male,49,Gold,2019-07-10,Cairo
CUST101188,Male,37,None,2022-05-11,Cairo
CUST101189,Female,18,None,2023-02-02,Doha
CUST101190,Male,27,None,2022-02-28,Riyadh
CUST101191,Female,43,None,2024-01-22,Dubai
CUST101192,Male,45,Silver,2022-09-13,Amman
CUST101193,Female,41,Gold,2024-08-02,Amman
CUST101194,Male,63,None,2019-09-25,Doha
CUST101195,Female,36,Silver,2022-08-27,Riyadh
CUST101196,Other,43,Gold,2019-02-10,Riyadh
CUST101197,Other,71,None,2023-06-28,Cairo
CUST101198,Female,41,None,2022-07-30,Dubai
CUST101199,Male,48,Silver,2021-02-19,Beirut
CUST101200,Female,36,None,2018-05-15,Riyadh
CUST101201,Male,50,Platinum,2022-02-26,Beirut
CUST101202,Male,67,None,2020-06-08,Amman
CUST101203,Male,49,None,2022-12-22,Beirut
CUST101204,Female,56,Silver,2022-12-27,Dubai
CUST101205,Female,66,Platinum,2020-08-25,Dubai
CUST101206,Female,62,None,2022-01-25,Beirut
CUST101207,Male,33,None,2019-02-11,Doha
CUST101208,Male,73,None,2022-02-13,Riyadh
CUST101209,Other,26,None,2024-02-09,Doha
CUST101210,Male,72,None,2022-01-09,Beirut
CUST101211,Male,38,Silver,2018-09-06,Riyadh
CUST101212,Male,63,None,2022-06-19,Cairo
CUST101213,Female,37,None,2021-02-04,Doha
CUST101214,Female,32,Gold,2020-02-17,Doha
CUST101215,Male,20,None,2019-05-16,Beirut
CUST101216,Male,59,None,2023-02-06,Amman
CUST101217,Female,26,None,2019-01-11,Beirut
CUST101218,Female,45,Platinum,2020-05-18,Doha
CUST101219,Male,30,None,2024-09-11,Riyadh
CUST101220,Other,42,Gold,2018-03-29,Amman
CUST101221,Male,50,Gold,2018-07-27,Beirut
CUST101222,Male,48,None,2021-09-28,Beirut
CUST101223,Other,35,Platinum,2020-09-24,Doha
CUST101224,Male,31,None,2019-05-31,Doha
CUST101225,Female,49,None,2024-05-01,Cairo
CUST101226,Male,17,Gold,2020-04-20,Beirut
CUST101227,Male,50,Gold,2018-10-09,Doha
CUST101228,Other,55,Silver,2024-03-20,Dubai
CUST101229,Male,71,None,2020-04-28,Amman
CUST101230,Female,43,Silver,2024-07-29,Dubai
CUST101231,Male,62,Gold,2020-06-03,Amman
CUST101232,Male,54,None,2020-08-12,Beirut
CUST101233,Male,21,None,2021-09-07,Cairo
CUST101234,Female,24,None,2019-08-28,Doha
CUST101235,Male,35,None,2024-09-07,Doha
CUST101236,Female,16,Gold,2018-01-12,Doha
CUST101237,Female,23,None,2021-02-09,Beirut
CUST101238,Other,70,Platinum,2019-08-16,Amman
CUST101239,Male,38,None,2019-06-17,Doha
CUST101240,Female,18,Gold,2024-01-22,Dubai
CUST101241,Female,19,None,2020-10-23,Doha
CUST101242,Female,73,None,2019-12-16,Beirut
CUST101243,Female,40,None,2019-03-27,Cairo
CUST101244,Female,62,None,2018-04-16,Dubai
CUST101245,Female,53,Silver,2019-06-24,Doha
CUST101246,Male,30,Platinum,2018-03-02,Doha
CUST101247,Male,36,Silver,2022-01-07,Riyadh
CUST101248,Female,50,None,2020-09-01,Amman
CUST101249,Female,72,None,2024-08-08,Dubai
CUST101250,Female,68,None,2021-08-19,Riyadh
CUST101251,Female,68,Silver,2018-03-06,Cairo
CUST101252,Male,61,Gold,2019-12-15,Amman
CUST101253,Male,67,Platinum,2020-12-22,Dubai
CUST101254,Female,29,None,2018-08-03,Doha
CUST101255,Male,51,Silver,2019-06-04,Dubai
CUST101256,Male,27,Silver,2022-09-21,Doha
CUST101257,Female,32,Silver,2023-11-25,Amman
CUST101258,Male,54,Silver,2019-04-11,Doha
CUST101259,Female,24,Silver,2018-09-18,Cairo
CUST101260,Male,50,Silver,2023-05-05,Beirut
CUST101261,Female,28,None,2023-01-11,Doha
CUST101262,Male,30,Gold,2022-01-22,Cairo
CUST101263,Male,33,None,2023-10-04,Beirut
CUST101264,Male,66,Silver,2024-08-28,Amman
CUST101265,Male,48,None,2019-03-23,Amman
CUST101266,Male,21,Silver,2023-01-26,Dubai
CUST101267,Female,74,Platinum,2023-08-26,Cairo
CUST101268,Female,42,Gold,2020-06-26,Cairo
CUST101269,Male,38,Gold,2018-06-27,Riyadh
CUST101270,Female,74,Silver,2023-11-06,Riyadh
CUST101271,Female,42,Gold,2021-05-20,Beirut
CUST101272,Female,49,Silver,2023-02-20,Beirut
CUST101273,Male,71,Gold,2018-05-08,Riyadh
CUST101274,Female,61,None,2018-09-07,Beirut
CUST101275,Male,53,Platinum,2023-05-16,Doha
CUST101276,Male,29,Platinum,2022-07-04,Riyadh
CUST101277,Other,51,Gold,2022-10-13,Cairo
CUST101278,Male,68,None,2019-03-19,Doha
CUST101279,Female,23,None,2023-07-02,Beirut
CUST101280,Female,50,Gold,2022-12-22,Amman
CUST101281,Female,34,None,2018-10-29,Dubai
CUST101282,Female,45,Gold,2018-11-27,Riyadh
CUST101283,Male,29,Silver,2021-08-12,Amman
CUST101284,Male,74,None,2024-10-27,Beirut
CUST101285,Female,35,Platinum,2019-08-31,Cairo
CUST101286,Male,64,Silver,2018-09-27,Dubai
CUST101287,Male,40,Silver,2019-06-01,Amman
CUST101288,Male,55,Silver,2021-01-31,Dubai
CUST101289,Male,39,None,2024-07-25,Riyadh
CUST101290,Male,29,Gold,2024-02-25,Beirut
CUST101291,Male,41,None,2021-08-24,Cairo
CUST101292,Female,53,Platinum,2022-04-10,Beirut
CUST101293,Female,38,Gold,2024-09-12,Dubai
CUST101294,Female,37,None,2023-12-14,Amman
CUST101295,Male,63,Gold,2021-04-22,Riyadh
CUST101296,Male,72,Silver,2023-02-02,Riyadh
CUST101297,Male,34,None,2023-09-02,Beirut
CUST101298,Female,61,Platinum,2024-10-15,Amman
CUST101299,Female,66,None,2022-10-29,Amman
CUST101300,Male,18,None,2019-02-11,Dubai
CUST101301,Female,57,Silver,2019-04-14,Beirut
CUST101302,Male,34,Silver,2024-03-08,Beirut
CUST101303,Female,24,Silver,2020-05-30,Doha
CUST101304,Female,43,Gold,2022-10-28,Beirut
CUST101305,Female,35,Silver,2023-01-24,Riyadh
CUST101306,Female,60,Silver,2020-07-24,Dubai
CUST101307,Female,22,None,2022-08-22,Amman
CUST101308,Male,29,None,2021-10-20,Beirut
CUST101309,Female,24,None,2023-02-01,Dubai
CUST101310,Male,74,None,2022-06-22,Beirut
CUST101311,Female,70,Silver,2022-08-31,Amman
CUST101312,Female,72,None,2019-01-25,Cairo
CUST101313,Female,34,None,2021-07-04,Amman
CUST101314,Male,62,None,2022-10-15,Amman
CUST101315,Female,67,Platinum,2021-07-04,Amman
CUST101316,Female,29,Platinum,2020-11-10,Beirut
CUST101317,Female,71,Silver,2022-03-14,Doha
CUST101318,Male,53,Platinum,2019-09-18,Amman
CUST101319,Male,68,Gold,2023-04-27,Riyadh
CUST101320,Male,51,Silver,2018-10-02,Riyadh
CUST101321,Male,55,None,2019-01-09,Dubai
CUST101322,Female,32,Gold,2018-12-16,Doha
CUST101323,Male,45,Gold,2019-01-17,Dubai
CUST101324,Other,24,Silver,2022-11-04,Riyadh
CUST101325,Male,48,Gold,2019-01-31,Riyadh
CUST101326,Male,71,Silver,2022-03-07,Cairo
CUST101327,Female,67,Gold,2019-06-17,Amman
CUST101328,Female,40,Platinum,2024-03-28,Riyadh
CUST101329,Female,29,None,2018-09-03,Beirut
CUST101330,Female,26,Gold,2024-07-30,Beirut
CUST101331,Female,68,Silver,2024-04-19,Dubai
CUST101332,Male,50,Silver,2024-04-19,Dubai
CUST101333,Other,56,Gold,2021-09-12,Amman
CUST101334,Other,74,None,2019-05-16,Amman
CUST101335,Female,29,Silver,2022-08-10,Cairo
CUST101336,Male,45,None,2021-12-19,Doha
CUST101337,Female,56,Silver,2022-09-29,Dubai
CUST101338,Male,19,Silver,2018-07-30,Amman
CUST101339,Male,74,Gold,2021-03-24,Dubai
CUST101340,Male,19,None,2024-09-25,Amman
CUST101341,Male,43,Silver,2021-07-03,Riyadh
CUST101342,Female,23,None,2021-12-11,Dubai
CUST101343,Female,17,Gold,2019-03-01,Riyadh
CUST101344,Female,56,Platinum,2024-06-25,Dubai
CUST101345,Male,61,Platinum,2023-09-10,Doha
CUST101346,Male,37,Gold,2020-05-21,Cairo
CUST101347,Male,56,Gold,2019-09-26,Beirut
CUST101348,Other,71,None,2023-05-30,Beirut
CUST101349,Male,70,None,2020-07-07,Beirut
CUST101350,Female,31,Silver,2019-03-20,Riyadh
CUST101351,Female,44,Gold,2021-12-05,Amman
CUST101352,Male,64,Platinum,2024-03-28,Beirut
CUST101353,Female,63,None,2022-02-14,Doha
CUST101354,Female,45,Platinum,2019-04-16,Beirut
CUST101355,Female,27,Silver,2021-02-15,Dubai
CUST101356,Female,50,Silver,2024-06-09,Riyadh
CUST101357,Male,26,None,2020-07-15,Dubai
CUST101358,Male,61,None,2022-10-24,Dubai
CUST101359,Female,65,Silver,2024-04-16,Dubai
CUST101360,Female,36,Silver,2024-03-30,Cairo
CUST101361,Male,36,None,2018-04-18,Cairo
CUST101362,Female,20,Silver,2024-10-30,Amman
CUST101363,Female,63,Gold,2020-12-31,Riyadh
CUST101364,Female,35,Gold,2018-04-29,Doha
CUST101365,Male,52,Platinum,2020-01-09,Doha
CUST101366,Female,18,None,2021-01-24,Doha
CUST101367,Female,59,None,2021-06-19,Dubai
CUST101368,Male,48,Gold,2021-10-23,Cairo
CUST101369,Male,68,None,2021-12-08,Riyadh
CUST101370,Other,24,None,2018-01-26,Dubai
CUST101371,Male,24,None,2020-01-14,Cairo
CUST101372,Female,19,None,2019-08-10,Cairo
CUST101373,Female,50,None,2024-05-08,Beirut
CUST101374,Male,32,None,2022-06-30,Beirut
CUST101375,Female,49,None,2018-10-13,Riyadh
CUST101376,Male,39,None,2019-08-05,Riyadh
CUST101377,Female,47,Silver,2018-05-06,Riyadh
CUST101378,Male,16,Silver,2019-01-11,Dubai
CUST101379,Female,23,Silver,2023-12-13,Amman
CUST101380,Male,60,None,2020-05-31,Riyadh
CUST101381,Male,38,None,2022-03-21,Beirut
CUST101382,Other,62,Silver,2022-09-16,Amman
CUST101383,Male,55,Silver,2023-02-02,Dubai
CUST101384,Female,27,Silver,2021-10-28,Amman
CUST101385,Male,69,None,2019-10-07,Doha
CUST101386,Female,27,Platinum,2022-02-24,Amman
CUST101387,Male,61,None,2021-06-30,Riyadh
CUST101388,Other,62,Silver,2021-08-21,Dubai
CUST101389,Male,30,Silver,2024-05-13,Riyadh
CUST101390,Male,56,Silver,2024-09-08,Beirut
CUST101391,Male,34,None,2018-12-14,Doha
CUST101392,Male,41,None,2018-08-04,Beirut
CUST101393,Female,67,Gold,2019-09-30,Riyadh
CUST101394,Male,44,None,2019-10-07,Riyadh
CUST101395,Female,37,None,2018-07-23,Riyadh
CUST101396,Male,55,None,2018-12-01,Cairo
CUST101397,Male,36,Gold,2021-01-19,Doha
CUST101398,Female,66,None,2022-12-20,Riyadh
CUST101399,Female,53,Platinum,2022-10-03,Riyadh
CUST101400,Male,35,Silver,2023-06-13,Beirut
CUST101401,Male,72,Platinum,2024-10-22,Beirut
CUST101402,Male,44,Platinum,2022-12-16,Riyadh
CUST101403,Female,66,Silver,2022-08-24,Dubai
CUST101404,Female,19,None,2021-01-23,Cairo
CUST101405,Female,70,None,2020-06-01,Beirut
CUST101406,Female,22,None,2023-09-30,Dubai
CUST101407,Female,43,Gold,2019-04-12,Cairo
CUST101408,Female,43,None,2021-11-14,Riyadh
CUST101409,Female,19,None,2022-10-27,Doha
CUST101410,Male,37,None,2019-03-31,Amman
CUST101411,Male,27,Platinum,2021-03-06,Amman
CUST101412,Male,60,None,2024-08-26,Riyadh
CUST101413,Male,18,None,2023-06-17,Beirut
CUST101414,Female,37,None,2023-11-29,Dubai
CUST101415,Female,59,Platinum,2021-06-17,Doha
CUST101416,Male,17,Silver,2018-07-06,Cairo
CUST101417,Male,39,None,2020-06-22,Riyadh
CUST101418,Male,49,None,2022-06-07,Doha
CUST101419,Female,42,None,2024-09-20,Doha
CUST101420,Male,70,None,2018-08-13,Beirut
CUST101421,Female,56,Platinum,2018-02-01,Cairo
CUST101422,Male,16,Gold,2020-04-17,Doha
CUST101423,Male,23,Silver,2021-05-19,Beirut
CUST101424,Other,38,Gold,2020-05-15,Dubai
CUST101425,Other,53,None,2019-07-17,Beirut
CUST101426,Male,21,Gold,2020-11-12,Dubai
CUST101427,Other,37,Gold,2021-03-31,Dubai
CUST101428,Female,40,None,2021-09-05,Doha
CUST101429,Female,33,Gold,2019-05-07,Beirut
CUST101430,Male,32,None,2018-02-01,Dubai
CUST101431,Female,27,None,2023-07-31,Cairo
CUST101432,Female,21,None,2022-10-30,Doha
CUST101433,Female,41,None,2019-12-21,Beirut
CUST101434,Male,42,Gold,2019-06-14,Beirut
CUST101435,Male,23,Platinum,2022-04-07,Amman
CUST101436,Male,34,Silver,2023-12-22,Beirut
CUST101437,Female,57,Gold,2020-07-31,Doha
CUST101438,Male,16,Gold,2023-08-12,Cairo
CUST101439,Female,72,None,2024-04-07,Beirut
CUST101440,Other,44,Silver,2021-12-21,Amman
CUST101441,Male,60,None,2018-10-23,Doha
CUST101442,Female,64,Silver,2022-06-15,Dubai
CUST101443,Male,50,Platinum,2018-06-23,Riyadh
CUST101444,Female,55,None,2022-11-22,Riyadh
CUST101445,Male,29,Gold,2018-03-18,Dubai
CUST101446,Female,50,Silver,2023-02-27,Beirut
CUST101447,Female,63,Silver,2018-11-15,Riyadh
CUST101448,Other,60,None,2021-07-06,Riyadh
CUST101449,Female,35,None,2024-06-16,Dubai
CUST101450,Female,71,None,2022-10-25,Beirut
CUST101451,Female,64,None,2024-06-06,Beirut
CUST101452,Female,28,None,2022-07-15,Dubai
CUST101453,Female,53,Silver,2022-09-07,Beirut
CUST101454,Male,64,None,2021-03-31,Beirut
CUST101455,Female,61,Gold,2019-04-17,Doha
CUST101456,Female,64,Silver,2022-07-18,Doha
CUST101457,Female,23,Silver,2018-03-27,Dubai
CUST101458,Male,58,None,2021-08-23,Cairo
CUST101459,Female,35,Silver,2019-12-05,Riyadh
CUST101460,Male,48,Platinum,2023-02-28,Doha
CUST101461,Female,41,None,2022-01-22,Riyadh
CUST101462,Male,54,None,2018-12-27,Amman
CUST101463,Female,36,Gold,2022-11-24,Dubai
CUST101464,Other,68,None,2019-03-10,Cairo
CUST101465,Male,64,None,2020-09-23,Amman
CUST101466,Other,57,None,2022-11-20,Amman
CUST101467,Male,58,None,2024-08-09,Beirut
CUST101468,Female,69,Silver,2022-06-29,Amman
CUST101469,Female,56,None,2023-11-17,Dubai
CUST101470,Female,24,Gold,2018-11-19,Doha
CUST101471,Female,39,Gold,2022-06-10,Dubai
CUST101472,Female,52,Silver,2021-06-24,Doha
CUST101473,Male,64,Silver,2021-10-22,Amman
CUST101474,Male,56,Gold,2020-06-26,Amman
CUST101475,Female,32,None,2021-09-26,Cairo
CUST101476,Female,39,Gold,2019-11-20,Doha
CUST101477,Female,36,Gold,2018-11-09,Amman
CUST101478,Female,66,Gold,2023-09-22,Beirut
CUST101479,Male,74,Silver,2019-04-13,Riyadh
CUST101480,Female,54,None,2023-12-14,Cairo
CUST101481,Male,70,None,2023-09-20,Dubai
CUST101482,Female,56,Gold,2020-03-05,Cairo
CUST101483,Male,54,None,2021-12-02,Riyadh
CUST101484,Male,28,Gold,2021-12-09,Doha
CUST101485,Male,26,None,2019-08-28,Dubai
CUST101486,Male,61,None,2020-08-25,Dubai
CUST101487,Female,34,None,2019-02-26,Doha
CUST101488,Male,26,None,2019-08-23,Cairo
CUST101489,Male,28,Silver,2020-11-14,Amman
CUST101490,Male,61,None,2020-03-19,Cairo
CUST101491,Male,60,Platinum,2019-12-12,Riyadh
CUST101492,Male,16,Silver,2024-10-03,Beirut
CUST101493,Male,55,None,2019-09-19,Amman
CUST101494,Female,59,Silver,2018-11-05,Cairo
CUST101495,Female,34,Gold,2019-12-27,Beirut
CUST101496,Female,27,Gold,2023-07-17,Beirut
CUST101497,Male,23,None,2023-03-16,Doha
CUST101498,Male,23,Gold,2024-04-28,Riyadh
CUST101499,Female,68,Gold,2024-07-01,Riyadh
